-- MySQL dump 10.13  Distrib 8.0.27, for macos11 (x86_64)
--
-- Host: 127.0.0.1    Database: ecardb
-- ------------------------------------------------------
-- Server version	9.1.0

/*!40101 SET @OLD_CHARACTER_SET_CLIENT=@@CHARACTER_SET_CLIENT */;
/*!40101 SET @OLD_CHARACTER_SET_RESULTS=@@CHARACTER_SET_RESULTS */;
/*!40101 SET @OLD_COLLATION_CONNECTION=@@COLLATION_CONNECTION */;
/*!50503 SET NAMES utf8mb4 */;
/*!40103 SET @OLD_TIME_ZONE=@@TIME_ZONE */;
/*!40103 SET TIME_ZONE='+00:00' */;
/*!40014 SET @OLD_UNIQUE_CHECKS=@@UNIQUE_CHECKS, UNIQUE_CHECKS=0 */;
/*!40014 SET @OLD_FOREIGN_KEY_CHECKS=@@FOREIGN_KEY_CHECKS, FOREIGN_KEY_CHECKS=0 */;
/*!40101 SET @OLD_SQL_MODE=@@SQL_MODE, SQL_MODE='NO_AUTO_VALUE_ON_ZERO' */;
/*!40111 SET @OLD_SQL_NOTES=@@SQL_NOTES, SQL_NOTES=0 */;

--
-- Table structure for table `electric_car_registration`
--

DROP TABLE IF EXISTS `electric_car_registration`;
/*!40101 SET @saved_cs_client     = @@character_set_client */;
/*!50503 SET character_set_client = utf8mb4 */;
CREATE TABLE `electric_car_registration` (
  `id` int NOT NULL AUTO_INCREMENT,
  `sido_id` int DEFAULT NULL COMMENT '시도코드',
  `year` char(4) CHARACTER SET utf8mb4 COLLATE utf8mb4_0900_ai_ci NOT NULL COMMENT '연도',
  `class` varchar(20) CHARACTER SET utf8mb4 COLLATE utf8mb4_0900_ai_ci NOT NULL COMMENT '차종구분',
  `regists` int NOT NULL DEFAULT '0' COMMENT '출고대수',
  PRIMARY KEY (`id`),
  KEY `sido_id` (`sido_id`),
  CONSTRAINT `electric_car_registration_ibfk_1` FOREIGN KEY (`sido_id`) REFERENCES `sido` (`id`) ON UPDATE CASCADE
) ENGINE=InnoDB AUTO_INCREMENT=1128 DEFAULT CHARSET=utf8mb4 COLLATE=utf8mb4_0900_ai_ci;
/*!40101 SET character_set_client = @saved_cs_client */;

--
-- Dumping data for table `electric_car_registration`
--

LOCK TABLES `electric_car_registration` WRITE;
/*!40000 ALTER TABLE `electric_car_registration` DISABLE KEYS */;
INSERT INTO `electric_car_registration` VALUES (1,1,'2019','전기승용',9360),(2,2,'2019','전기승용',4398),(3,3,'2019','전기승용',3725),(4,4,'2019','전기승용',4780),(5,5,'2019','전기승용',2089),(6,6,'2019','전기승용',2656),(7,7,'2019','전기승용',1480),(8,8,'2019','전기승용',187),(9,9,'2019','전기승용',2050),(10,10,'2019','전기승용',1852),(11,11,'2019','전기승용',482),(12,12,'2019','전기승용',850),(13,13,'2019','전기승용',673),(14,14,'2019','전기승용',422),(15,15,'2019','전기승용',1291),(16,16,'2019','전기승용',88),(17,17,'2019','전기승용',665),(18,18,'2019','전기승용',1734),(19,19,'2019','전기승용',219),(20,20,'2019','전기승용',297),(21,21,'2019','전기승용',1019),(22,22,'2019','',0),(23,23,'2019','전기승용',921),(24,24,'2019','전기승용',311),(25,25,'2019','전기승용',287),(26,26,'2019','전기승용',722),(27,27,'2019','전기승용',2502),(28,28,'2019','전기승용',1076),(29,29,'2019','전기승용',478),(30,30,'2019','전기승용',309),(31,31,'2019','전기승용',1138),(32,32,'2019','전기승용',2493),(33,33,'2019','전기승용',757),(34,34,'2019','전기승용',521),(35,35,'2019','전기승용',226),(36,36,'2019','전기승용',238),(37,37,'2019','전기승용',77),(38,38,'2019','전기승용',114),(39,39,'2019','전기승용',289),(40,40,'2019','전기승용',578),(41,41,'2019','전기승용',734),(42,42,'2019','전기승용',306),(43,43,'2019','전기승용',127),(44,44,'2019','전기승용',50),(45,45,'2019','전기승용',115),(46,46,'2019','전기승용',67),(47,47,'2019','전기승용',105),(48,48,'2019','전기승용',75),(49,49,'2019','전기승용',41),(50,50,'2019','전기승용',50),(51,51,'2019','전기승용',30),(52,52,'2019','전기승용',56),(53,53,'2019','전기승용',28),(54,54,'2019','전기승용',29),(55,55,'2019','전기승용',51),(56,56,'2019','전기승용',33),(57,57,'2019','전기승용',41),(58,58,'2019','전기승용',2636),(59,59,'2019','전기승용',613),(60,60,'2019','전기승용',397),(61,61,'2019','전기승용',68),(62,62,'2019','전기승용',89),(63,63,'2019','전기승용',87),(64,64,'2019','전기승용',111),(65,65,'2019','전기승용',328),(66,66,'2019','전기승용',86),(67,67,'2019','전기승용',248),(68,68,'2019','전기승용',68),(69,69,'2019','전기승용',1408),(70,70,'2019','전기승용',218),(71,71,'2019','전기승용',142),(72,72,'2019','전기승용',888),(73,73,'2019','전기승용',373),(74,74,'2019','전기승용',189),(75,75,'2019','전기승용',92),(76,76,'2019','전기승용',412),(77,77,'2019','전기승용',98),(78,78,'2019','전기승용',94),(79,79,'2019','전기승용',88),(80,80,'2019','전기승용',66),(81,81,'2019','전기승용',155),(82,82,'2019','전기승용',109),(83,83,'2019','전기승용',102),(84,84,'2019','전기승용',1435),(85,85,'2019','전기승용',646),(86,86,'2019','전기승용',588),(87,87,'2019','전기승용',203),(88,88,'2019','전기승용',184),(89,89,'2019','전기승용',187),(90,90,'2019','전기승용',157),(91,91,'2019','전기승용',60),(92,92,'2019','전기승용',42),(93,93,'2019','전기승용',41),(94,94,'2019','전기승용',49),(95,95,'2019','전기승용',49),(96,96,'2019','전기승용',109),(97,97,'2019','전기승용',71),(98,98,'2019','전기승용',45),(99,99,'2019','전기승용',451),(100,100,'2019','전기승용',522),(101,101,'2019','전기승용',213),(102,102,'2019','전기승용',429),(103,103,'2019','전기승용',156),(104,104,'2019','전기승용',63),(105,105,'2019','전기승용',57),(106,106,'2019','전기승용',100),(107,107,'2019','전기승용',63),(108,108,'2019','전기승용',62),(109,109,'2019','전기승용',64),(110,110,'2019','전기승용',64),(111,111,'2019','전기승용',107),(112,112,'2019','전기승용',79),(113,113,'2019','전기승용',213),(114,114,'2019','전기승용',76),(115,115,'2019','전기승용',118),(116,116,'2019','전기승용',73),(117,117,'2019','전기승용',48),(118,118,'2019','전기승용',42),(119,119,'2019','전기승용',65),(120,120,'2019','전기승용',467),(121,121,'2019','전기승용',326),(122,122,'2019','전기승용',392),(123,123,'2019','전기승용',328),(124,124,'2019','전기승용',938),(125,125,'2019','전기승용',166),(126,126,'2019','전기승용',239),(127,127,'2019','전기승용',191),(128,128,'2019','전기승용',111),(129,129,'2019','전기승용',630),(130,130,'2019','전기승용',79),(131,131,'2019','전기승용',30),(132,132,'2019','전기승용',30),(133,133,'2019','전기승용',43),(134,134,'2019','전기승용',88),(135,135,'2019','전기승용',66),(136,136,'2019','전기승용',99),(137,137,'2019','전기승용',230),(138,138,'2019','전기승용',144),(139,139,'2019','전기승용',34),(140,140,'2019','전기승용',103),(141,141,'2019','전기승용',78),(142,142,'2019','전기승용',1745),(143,143,'2019','전기승용',639),(144,144,'2019','전기승용',218),(145,145,'2019','전기승용',232),(146,146,'2019','전기승용',656),(147,147,'2019','전기승용',178),(148,148,'2019','전기승용',368),(149,149,'2019','전기승용',520),(150,150,'2019','전기승용',55),(151,151,'2019','전기승용',126),(152,152,'2019','전기승용',122),(153,56,'2019','전기승용',75),(154,153,'2019','전기승용',86),(155,154,'2019','전기승용',70),(156,155,'2019','전기승용',58),(157,156,'2019','전기승용',55),(158,157,'2019','전기승용',121),(159,158,'2019','전기승용',128),(160,159,'2019','전기승용',2861),(161,160,'2019','전기승용',22628),(162,1,'2019','전기승용',9360),(163,2,'2019','전기승용',4398),(164,3,'2019','전기승용',3725),(165,4,'2019','전기승용',4780),(166,5,'2019','전기승용',2089),(167,6,'2019','전기승용',2656),(168,7,'2019','전기승용',1480),(169,8,'2019','전기승용',187),(170,9,'2019','전기승용',2050),(171,10,'2019','전기승용',1852),(172,11,'2019','전기승용',482),(173,12,'2019','전기승용',850),(174,13,'2019','전기승용',673),(175,14,'2019','전기승용',422),(176,15,'2019','전기승용',1291),(177,16,'2019','전기승용',88),(178,17,'2019','전기승용',665),(179,18,'2019','전기승용',1734),(180,19,'2019','전기승용',219),(181,20,'2019','전기승용',297),(182,21,'2019','전기승용',1019),(183,22,'2019','',0),(184,23,'2019','전기승용',921),(185,24,'2019','전기승용',311),(186,25,'2019','전기승용',287),(187,26,'2019','전기승용',722),(188,27,'2019','전기승용',2502),(189,28,'2019','전기승용',1076),(190,29,'2019','전기승용',478),(191,30,'2019','전기승용',309),(192,31,'2019','전기승용',1138),(193,32,'2019','전기승용',2493),(194,33,'2019','전기승용',757),(195,34,'2019','전기승용',521),(196,35,'2019','전기승용',226),(197,36,'2019','전기승용',238),(198,37,'2019','전기승용',77),(199,38,'2019','전기승용',114),(200,39,'2019','전기승용',289),(201,40,'2019','전기승용',578),(202,41,'2019','전기승용',734),(203,42,'2019','전기승용',306),(204,43,'2019','전기승용',127),(205,44,'2019','전기승용',50),(206,45,'2019','전기승용',115),(207,46,'2019','전기승용',67),(208,47,'2019','전기승용',105),(209,48,'2019','전기승용',75),(210,49,'2019','전기승용',41),(211,50,'2019','전기승용',50),(212,51,'2019','전기승용',30),(213,52,'2019','전기승용',56),(214,53,'2019','전기승용',28),(215,54,'2019','전기승용',29),(216,55,'2019','전기승용',51),(217,56,'2019','전기승용',33),(218,57,'2019','전기승용',41),(219,58,'2019','전기승용',2636),(220,59,'2019','전기승용',613),(221,60,'2019','전기승용',397),(222,61,'2019','전기승용',68),(223,62,'2019','전기승용',89),(224,63,'2019','전기승용',87),(225,64,'2019','전기승용',111),(226,65,'2019','전기승용',328),(227,66,'2019','전기승용',86),(228,67,'2019','전기승용',248),(229,68,'2019','전기승용',68),(230,69,'2019','전기승용',1408),(231,70,'2019','전기승용',218),(232,71,'2019','전기승용',142),(233,72,'2019','전기승용',888),(234,73,'2019','전기승용',373),(235,74,'2019','전기승용',189),(236,75,'2019','전기승용',92),(237,76,'2019','전기승용',412),(238,77,'2019','전기승용',98),(239,78,'2019','전기승용',94),(240,79,'2019','전기승용',88),(241,80,'2019','전기승용',66),(242,81,'2019','전기승용',155),(243,82,'2019','전기승용',109),(244,83,'2019','전기승용',102),(245,84,'2019','전기승용',1435),(246,85,'2019','전기승용',646),(247,86,'2019','전기승용',588),(248,87,'2019','전기승용',203),(249,88,'2019','전기승용',184),(250,89,'2019','전기승용',187),(251,90,'2019','전기승용',157),(252,91,'2019','전기승용',60),(253,92,'2019','전기승용',42),(254,93,'2019','전기승용',41),(255,94,'2019','전기승용',49),(256,95,'2019','전기승용',49),(257,96,'2019','전기승용',109),(258,97,'2019','전기승용',71),(259,98,'2019','전기승용',45),(260,99,'2019','전기승용',451),(261,100,'2019','전기승용',522),(262,101,'2019','전기승용',213),(263,102,'2019','전기승용',429),(264,103,'2019','전기승용',156),(265,104,'2019','전기승용',63),(266,105,'2019','전기승용',57),(267,106,'2019','전기승용',100),(268,107,'2019','전기승용',63),(269,108,'2019','전기승용',62),(270,109,'2019','전기승용',64),(271,110,'2019','전기승용',64),(272,111,'2019','전기승용',107),(273,112,'2019','전기승용',79),(274,113,'2019','전기승용',213),(275,114,'2019','전기승용',76),(276,115,'2019','전기승용',118),(277,116,'2019','전기승용',73),(278,117,'2019','전기승용',48),(279,118,'2019','전기승용',42),(280,119,'2019','전기승용',65),(281,120,'2019','전기승용',467),(282,121,'2019','전기승용',326),(283,122,'2019','전기승용',392),(284,123,'2019','전기승용',328),(285,124,'2019','전기승용',938),(286,125,'2019','전기승용',166),(287,126,'2019','전기승용',239),(288,127,'2019','전기승용',191),(289,128,'2019','전기승용',111),(290,129,'2019','전기승용',630),(291,130,'2019','전기승용',79),(292,131,'2019','전기승용',30),(293,132,'2019','전기승용',30),(294,133,'2019','전기승용',43),(295,134,'2019','전기승용',88),(296,135,'2019','전기승용',66),(297,136,'2019','전기승용',99),(298,137,'2019','전기승용',230),(299,138,'2019','전기승용',144),(300,139,'2019','전기승용',34),(301,140,'2019','전기승용',103),(302,141,'2019','전기승용',78),(303,142,'2019','전기승용',1745),(304,143,'2019','전기승용',639),(305,144,'2019','전기승용',218),(306,145,'2019','전기승용',232),(307,146,'2019','전기승용',656),(308,147,'2019','전기승용',178),(309,148,'2019','전기승용',368),(310,149,'2019','전기승용',520),(311,150,'2019','전기승용',55),(312,151,'2019','전기승용',126),(313,152,'2019','전기승용',122),(314,56,'2019','전기승용',75),(315,153,'2019','전기승용',86),(316,154,'2019','전기승용',70),(317,155,'2019','전기승용',58),(318,156,'2019','전기승용',55),(319,157,'2019','전기승용',121),(320,158,'2019','전기승용',128),(321,159,'2019','전기승용',2861),(322,160,'2019','전기승용',22628),(323,1,'2020','전기승용',9360),(324,2,'2020','전기승용',4398),(325,3,'2020','전기승용',3725),(326,4,'2020','전기승용',4780),(327,5,'2020','전기승용',2089),(328,6,'2020','전기승용',2656),(329,7,'2020','전기승용',1480),(330,8,'2020','전기승용',187),(331,9,'2020','전기승용',2050),(332,10,'2020','전기승용',1852),(333,11,'2020','전기승용',482),(334,12,'2020','전기승용',850),(335,13,'2020','전기승용',673),(336,14,'2020','전기승용',422),(337,15,'2020','전기승용',1291),(338,16,'2020','전기승용',88),(339,17,'2020','전기승용',665),(340,18,'2020','전기승용',1734),(341,19,'2020','전기승용',219),(342,20,'2020','전기승용',297),(343,21,'2020','전기승용',1019),(344,22,'2020','',0),(345,23,'2020','전기승용',921),(346,24,'2020','전기승용',311),(347,25,'2020','전기승용',287),(348,26,'2020','전기승용',722),(349,27,'2020','전기승용',2502),(350,28,'2020','전기승용',1076),(351,29,'2020','전기승용',478),(352,30,'2020','전기승용',309),(353,31,'2020','전기승용',1138),(354,32,'2020','전기승용',2493),(355,33,'2020','전기승용',757),(356,34,'2020','전기승용',521),(357,35,'2020','전기승용',226),(358,36,'2020','전기승용',238),(359,37,'2020','전기승용',77),(360,38,'2020','전기승용',114),(361,39,'2020','전기승용',289),(362,40,'2020','전기승용',578),(363,41,'2020','전기승용',734),(364,42,'2020','전기승용',306),(365,43,'2020','전기승용',127),(366,44,'2020','전기승용',50),(367,45,'2020','전기승용',115),(368,46,'2020','전기승용',67),(369,47,'2020','전기승용',105),(370,48,'2020','전기승용',75),(371,49,'2020','전기승용',41),(372,50,'2020','전기승용',50),(373,51,'2020','전기승용',30),(374,52,'2020','전기승용',56),(375,53,'2020','전기승용',28),(376,54,'2020','전기승용',29),(377,55,'2020','전기승용',51),(378,56,'2020','전기승용',33),(379,57,'2020','전기승용',41),(380,58,'2020','전기승용',2636),(381,59,'2020','전기승용',613),(382,60,'2020','전기승용',397),(383,61,'2020','전기승용',68),(384,62,'2020','전기승용',89),(385,63,'2020','전기승용',87),(386,64,'2020','전기승용',111),(387,65,'2020','전기승용',328),(388,66,'2020','전기승용',86),(389,67,'2020','전기승용',248),(390,68,'2020','전기승용',68),(391,69,'2020','전기승용',1408),(392,70,'2020','전기승용',218),(393,71,'2020','전기승용',142),(394,72,'2020','전기승용',888),(395,73,'2020','전기승용',373),(396,74,'2020','전기승용',189),(397,75,'2020','전기승용',92),(398,76,'2020','전기승용',412),(399,77,'2020','전기승용',98),(400,78,'2020','전기승용',94),(401,79,'2020','전기승용',88),(402,80,'2020','전기승용',66),(403,81,'2020','전기승용',155),(404,82,'2020','전기승용',109),(405,83,'2020','전기승용',102),(406,84,'2020','전기승용',1435),(407,85,'2020','전기승용',646),(408,86,'2020','전기승용',588),(409,87,'2020','전기승용',203),(410,88,'2020','전기승용',184),(411,89,'2020','전기승용',187),(412,90,'2020','전기승용',157),(413,91,'2020','전기승용',60),(414,92,'2020','전기승용',42),(415,93,'2020','전기승용',41),(416,94,'2020','전기승용',49),(417,95,'2020','전기승용',49),(418,96,'2020','전기승용',109),(419,97,'2020','전기승용',71),(420,98,'2020','전기승용',45),(421,99,'2020','전기승용',451),(422,100,'2020','전기승용',522),(423,101,'2020','전기승용',213),(424,102,'2020','전기승용',429),(425,103,'2020','전기승용',156),(426,104,'2020','전기승용',63),(427,105,'2020','전기승용',57),(428,106,'2020','전기승용',100),(429,107,'2020','전기승용',63),(430,108,'2020','전기승용',62),(431,109,'2020','전기승용',64),(432,110,'2020','전기승용',64),(433,111,'2020','전기승용',107),(434,112,'2020','전기승용',79),(435,113,'2020','전기승용',213),(436,114,'2020','전기승용',76),(437,115,'2020','전기승용',118),(438,116,'2020','전기승용',73),(439,117,'2020','전기승용',48),(440,118,'2020','전기승용',42),(441,119,'2020','전기승용',65),(442,120,'2020','전기승용',467),(443,121,'2020','전기승용',326),(444,122,'2020','전기승용',392),(445,123,'2020','전기승용',328),(446,124,'2020','전기승용',938),(447,125,'2020','전기승용',166),(448,126,'2020','전기승용',239),(449,127,'2020','전기승용',191),(450,128,'2020','전기승용',111),(451,129,'2020','전기승용',630),(452,130,'2020','전기승용',79),(453,131,'2020','전기승용',30),(454,132,'2020','전기승용',30),(455,133,'2020','전기승용',43),(456,134,'2020','전기승용',88),(457,135,'2020','전기승용',66),(458,136,'2020','전기승용',99),(459,137,'2020','전기승용',230),(460,138,'2020','전기승용',144),(461,139,'2020','전기승용',34),(462,140,'2020','전기승용',103),(463,141,'2020','전기승용',78),(464,142,'2020','전기승용',1745),(465,143,'2020','전기승용',639),(466,144,'2020','전기승용',218),(467,145,'2020','전기승용',232),(468,146,'2020','전기승용',656),(469,147,'2020','전기승용',178),(470,148,'2020','전기승용',368),(471,149,'2020','전기승용',520),(472,150,'2020','전기승용',55),(473,151,'2020','전기승용',126),(474,152,'2020','전기승용',122),(475,56,'2020','전기승용',75),(476,153,'2020','전기승용',86),(477,154,'2020','전기승용',70),(478,155,'2020','전기승용',58),(479,156,'2020','전기승용',55),(480,157,'2020','전기승용',121),(481,158,'2020','전기승용',128),(482,159,'2020','전기승용',2861),(483,160,'2020','전기승용',22628),(484,1,'2021','전기승용',9360),(485,2,'2021','전기승용',4398),(486,3,'2021','전기승용',3725),(487,4,'2021','전기승용',4780),(488,5,'2021','전기승용',2089),(489,6,'2021','전기승용',2656),(490,7,'2021','전기승용',1480),(491,8,'2021','전기승용',187),(492,9,'2021','전기승용',2050),(493,10,'2021','전기승용',1852),(494,11,'2021','전기승용',482),(495,12,'2021','전기승용',850),(496,13,'2021','전기승용',673),(497,14,'2021','전기승용',422),(498,15,'2021','전기승용',1291),(499,16,'2021','전기승용',88),(500,17,'2021','전기승용',665),(501,18,'2021','전기승용',1734),(502,19,'2021','전기승용',219),(503,20,'2021','전기승용',297),(504,21,'2021','전기승용',1019),(505,22,'2021','',0),(506,23,'2021','전기승용',921),(507,24,'2021','전기승용',311),(508,25,'2021','전기승용',287),(509,26,'2021','전기승용',722),(510,27,'2021','전기승용',2502),(511,28,'2021','전기승용',1076),(512,29,'2021','전기승용',478),(513,30,'2021','전기승용',309),(514,31,'2021','전기승용',1138),(515,32,'2021','전기승용',2493),(516,33,'2021','전기승용',757),(517,34,'2021','전기승용',521),(518,35,'2021','전기승용',226),(519,36,'2021','전기승용',238),(520,37,'2021','전기승용',77),(521,38,'2021','전기승용',114),(522,39,'2021','전기승용',289),(523,40,'2021','전기승용',578),(524,41,'2021','전기승용',734),(525,42,'2021','전기승용',306),(526,43,'2021','전기승용',127),(527,44,'2021','전기승용',50),(528,45,'2021','전기승용',115),(529,46,'2021','전기승용',67),(530,47,'2021','전기승용',105),(531,48,'2021','전기승용',75),(532,49,'2021','전기승용',41),(533,50,'2021','전기승용',50),(534,51,'2021','전기승용',30),(535,52,'2021','전기승용',56),(536,53,'2021','전기승용',28),(537,54,'2021','전기승용',29),(538,55,'2021','전기승용',51),(539,56,'2021','전기승용',33),(540,57,'2021','전기승용',41),(541,58,'2021','전기승용',2636),(542,59,'2021','전기승용',613),(543,60,'2021','전기승용',397),(544,61,'2021','전기승용',68),(545,62,'2021','전기승용',89),(546,63,'2021','전기승용',87),(547,64,'2021','전기승용',111),(548,65,'2021','전기승용',328),(549,66,'2021','전기승용',86),(550,67,'2021','전기승용',248),(551,68,'2021','전기승용',68),(552,69,'2021','전기승용',1408),(553,70,'2021','전기승용',218),(554,71,'2021','전기승용',142),(555,72,'2021','전기승용',888),(556,73,'2021','전기승용',373),(557,74,'2021','전기승용',189),(558,75,'2021','전기승용',92),(559,76,'2021','전기승용',412),(560,77,'2021','전기승용',98),(561,78,'2021','전기승용',94),(562,79,'2021','전기승용',88),(563,80,'2021','전기승용',66),(564,81,'2021','전기승용',155),(565,82,'2021','전기승용',109),(566,83,'2021','전기승용',102),(567,84,'2021','전기승용',1435),(568,85,'2021','전기승용',646),(569,86,'2021','전기승용',588),(570,87,'2021','전기승용',203),(571,88,'2021','전기승용',184),(572,89,'2021','전기승용',187),(573,90,'2021','전기승용',157),(574,91,'2021','전기승용',60),(575,92,'2021','전기승용',42),(576,93,'2021','전기승용',41),(577,94,'2021','전기승용',49),(578,95,'2021','전기승용',49),(579,96,'2021','전기승용',109),(580,97,'2021','전기승용',71),(581,98,'2021','전기승용',45),(582,99,'2021','전기승용',451),(583,100,'2021','전기승용',522),(584,101,'2021','전기승용',213),(585,102,'2021','전기승용',429),(586,103,'2021','전기승용',156),(587,104,'2021','전기승용',63),(588,105,'2021','전기승용',57),(589,106,'2021','전기승용',100),(590,107,'2021','전기승용',63),(591,108,'2021','전기승용',62),(592,109,'2021','전기승용',64),(593,110,'2021','전기승용',64),(594,111,'2021','전기승용',107),(595,112,'2021','전기승용',79),(596,113,'2021','전기승용',213),(597,114,'2021','전기승용',76),(598,115,'2021','전기승용',118),(599,116,'2021','전기승용',73),(600,117,'2021','전기승용',48),(601,118,'2021','전기승용',42),(602,119,'2021','전기승용',65),(603,120,'2021','전기승용',467),(604,121,'2021','전기승용',326),(605,122,'2021','전기승용',392),(606,123,'2021','전기승용',328),(607,124,'2021','전기승용',938),(608,125,'2021','전기승용',166),(609,126,'2021','전기승용',239),(610,127,'2021','전기승용',191),(611,128,'2021','전기승용',111),(612,129,'2021','전기승용',630),(613,130,'2021','전기승용',79),(614,131,'2021','전기승용',30),(615,132,'2021','전기승용',30),(616,133,'2021','전기승용',43),(617,134,'2021','전기승용',88),(618,135,'2021','전기승용',66),(619,136,'2021','전기승용',99),(620,137,'2021','전기승용',230),(621,138,'2021','전기승용',144),(622,139,'2021','전기승용',34),(623,140,'2021','전기승용',103),(624,141,'2021','전기승용',78),(625,142,'2021','전기승용',1745),(626,143,'2021','전기승용',639),(627,144,'2021','전기승용',218),(628,145,'2021','전기승용',232),(629,146,'2021','전기승용',656),(630,147,'2021','전기승용',178),(631,148,'2021','전기승용',368),(632,149,'2021','전기승용',520),(633,150,'2021','전기승용',55),(634,151,'2021','전기승용',126),(635,152,'2021','전기승용',122),(636,56,'2021','전기승용',75),(637,153,'2021','전기승용',86),(638,154,'2021','전기승용',70),(639,155,'2021','전기승용',58),(640,156,'2021','전기승용',55),(641,157,'2021','전기승용',121),(642,158,'2021','전기승용',128),(643,159,'2021','전기승용',2861),(644,160,'2021','전기승용',22628),(645,1,'2022','전기승용',9360),(646,2,'2022','전기승용',4398),(647,3,'2022','전기승용',3725),(648,4,'2022','전기승용',4780),(649,5,'2022','전기승용',2089),(650,6,'2022','전기승용',2656),(651,7,'2022','전기승용',1480),(652,8,'2022','전기승용',187),(653,9,'2022','전기승용',2050),(654,10,'2022','전기승용',1852),(655,11,'2022','전기승용',482),(656,12,'2022','전기승용',850),(657,13,'2022','전기승용',673),(658,14,'2022','전기승용',422),(659,15,'2022','전기승용',1291),(660,16,'2022','전기승용',88),(661,17,'2022','전기승용',665),(662,18,'2022','전기승용',1734),(663,19,'2022','전기승용',219),(664,20,'2022','전기승용',297),(665,21,'2022','전기승용',1019),(666,22,'2022','',0),(667,23,'2022','전기승용',921),(668,24,'2022','전기승용',311),(669,25,'2022','전기승용',287),(670,26,'2022','전기승용',722),(671,27,'2022','전기승용',2502),(672,28,'2022','전기승용',1076),(673,29,'2022','전기승용',478),(674,30,'2022','전기승용',309),(675,31,'2022','전기승용',1138),(676,32,'2022','전기승용',2493),(677,33,'2022','전기승용',757),(678,34,'2022','전기승용',521),(679,35,'2022','전기승용',226),(680,36,'2022','전기승용',238),(681,37,'2022','전기승용',77),(682,38,'2022','전기승용',114),(683,39,'2022','전기승용',289),(684,40,'2022','전기승용',578),(685,41,'2022','전기승용',734),(686,42,'2022','전기승용',306),(687,43,'2022','전기승용',127),(688,44,'2022','전기승용',50),(689,45,'2022','전기승용',115),(690,46,'2022','전기승용',67),(691,47,'2022','전기승용',105),(692,48,'2022','전기승용',75),(693,49,'2022','전기승용',41),(694,50,'2022','전기승용',50),(695,51,'2022','전기승용',30),(696,52,'2022','전기승용',56),(697,53,'2022','전기승용',28),(698,54,'2022','전기승용',29),(699,55,'2022','전기승용',51),(700,56,'2022','전기승용',33),(701,57,'2022','전기승용',41),(702,58,'2022','전기승용',2636),(703,59,'2022','전기승용',613),(704,60,'2022','전기승용',397),(705,61,'2022','전기승용',68),(706,62,'2022','전기승용',89),(707,63,'2022','전기승용',87),(708,64,'2022','전기승용',111),(709,65,'2022','전기승용',328),(710,66,'2022','전기승용',86),(711,67,'2022','전기승용',248),(712,68,'2022','전기승용',68),(713,69,'2022','전기승용',1408),(714,70,'2022','전기승용',218),(715,71,'2022','전기승용',142),(716,72,'2022','전기승용',888),(717,73,'2022','전기승용',373),(718,74,'2022','전기승용',189),(719,75,'2022','전기승용',92),(720,76,'2022','전기승용',412),(721,77,'2022','전기승용',98),(722,78,'2022','전기승용',94),(723,79,'2022','전기승용',88),(724,80,'2022','전기승용',66),(725,81,'2022','전기승용',155),(726,82,'2022','전기승용',109),(727,83,'2022','전기승용',102),(728,84,'2022','전기승용',1435),(729,85,'2022','전기승용',646),(730,86,'2022','전기승용',588),(731,87,'2022','전기승용',203),(732,88,'2022','전기승용',184),(733,89,'2022','전기승용',187),(734,90,'2022','전기승용',157),(735,91,'2022','전기승용',60),(736,92,'2022','전기승용',42),(737,93,'2022','전기승용',41),(738,94,'2022','전기승용',49),(739,95,'2022','전기승용',49),(740,96,'2022','전기승용',109),(741,97,'2022','전기승용',71),(742,98,'2022','전기승용',45),(743,99,'2022','전기승용',451),(744,100,'2022','전기승용',522),(745,101,'2022','전기승용',213),(746,102,'2022','전기승용',429),(747,103,'2022','전기승용',156),(748,104,'2022','전기승용',63),(749,105,'2022','전기승용',57),(750,106,'2022','전기승용',100),(751,107,'2022','전기승용',63),(752,108,'2022','전기승용',62),(753,109,'2022','전기승용',64),(754,110,'2022','전기승용',64),(755,111,'2022','전기승용',107),(756,112,'2022','전기승용',79),(757,113,'2022','전기승용',213),(758,114,'2022','전기승용',76),(759,115,'2022','전기승용',118),(760,116,'2022','전기승용',73),(761,117,'2022','전기승용',48),(762,118,'2022','전기승용',42),(763,119,'2022','전기승용',65),(764,120,'2022','전기승용',467),(765,121,'2022','전기승용',326),(766,122,'2022','전기승용',392),(767,123,'2022','전기승용',328),(768,124,'2022','전기승용',938),(769,125,'2022','전기승용',166),(770,126,'2022','전기승용',239),(771,127,'2022','전기승용',191),(772,128,'2022','전기승용',111),(773,129,'2022','전기승용',630),(774,130,'2022','전기승용',79),(775,131,'2022','전기승용',30),(776,132,'2022','전기승용',30),(777,133,'2022','전기승용',43),(778,134,'2022','전기승용',88),(779,135,'2022','전기승용',66),(780,136,'2022','전기승용',99),(781,137,'2022','전기승용',230),(782,138,'2022','전기승용',144),(783,139,'2022','전기승용',34),(784,140,'2022','전기승용',103),(785,141,'2022','전기승용',78),(786,142,'2022','전기승용',1745),(787,143,'2022','전기승용',639),(788,144,'2022','전기승용',218),(789,145,'2022','전기승용',232),(790,146,'2022','전기승용',656),(791,147,'2022','전기승용',178),(792,148,'2022','전기승용',368),(793,149,'2022','전기승용',520),(794,150,'2022','전기승용',55),(795,151,'2022','전기승용',126),(796,152,'2022','전기승용',122),(797,56,'2022','전기승용',75),(798,153,'2022','전기승용',86),(799,154,'2022','전기승용',70),(800,155,'2022','전기승용',58),(801,156,'2022','전기승용',55),(802,157,'2022','전기승용',121),(803,158,'2022','전기승용',128),(804,159,'2022','전기승용',2861),(805,160,'2022','전기승용',22623),(806,1,'2023','전기승용',9360),(807,2,'2023','전기승용',4398),(808,3,'2023','전기승용',3725),(809,4,'2023','전기승용',4780),(810,5,'2023','전기승용',2089),(811,6,'2023','전기승용',2656),(812,7,'2023','전기승용',1480),(813,8,'2023','전기승용',187),(814,9,'2023','전기승용',2050),(815,10,'2023','전기승용',1852),(816,11,'2023','전기승용',482),(817,12,'2023','전기승용',850),(818,13,'2023','전기승용',673),(819,14,'2023','전기승용',422),(820,15,'2023','전기승용',1291),(821,16,'2023','전기승용',88),(822,17,'2023','전기승용',665),(823,18,'2023','전기승용',1734),(824,19,'2023','전기승용',219),(825,20,'2023','전기승용',297),(826,21,'2023','전기승용',1019),(827,22,'2023','',0),(828,23,'2023','전기승용',921),(829,24,'2023','전기승용',311),(830,25,'2023','전기승용',287),(831,26,'2023','전기승용',722),(832,27,'2023','전기승용',2502),(833,28,'2023','전기승용',1076),(834,29,'2023','전기승용',478),(835,30,'2023','전기승용',309),(836,31,'2023','전기승용',1138),(837,32,'2023','전기승용',2493),(838,33,'2023','전기승용',757),(839,34,'2023','전기승용',521),(840,35,'2023','전기승용',226),(841,36,'2023','전기승용',238),(842,37,'2023','전기승용',77),(843,38,'2023','전기승용',114),(844,39,'2023','전기승용',289),(845,40,'2023','전기승용',578),(846,41,'2023','전기승용',734),(847,42,'2023','전기승용',306),(848,43,'2023','전기승용',127),(849,44,'2023','전기승용',50),(850,45,'2023','전기승용',115),(851,46,'2023','전기승용',67),(852,47,'2023','전기승용',105),(853,48,'2023','전기승용',75),(854,49,'2023','전기승용',41),(855,50,'2023','전기승용',50),(856,51,'2023','전기승용',30),(857,52,'2023','전기승용',56),(858,53,'2023','전기승용',28),(859,54,'2023','전기승용',29),(860,55,'2023','전기승용',51),(861,56,'2023','전기승용',33),(862,57,'2023','전기승용',41),(863,58,'2023','전기승용',2636),(864,59,'2023','전기승용',613),(865,60,'2023','전기승용',397),(866,61,'2023','전기승용',68),(867,62,'2023','전기승용',89),(868,63,'2023','전기승용',87),(869,64,'2023','전기승용',111),(870,65,'2023','전기승용',328),(871,66,'2023','전기승용',86),(872,67,'2023','전기승용',248),(873,68,'2023','전기승용',68),(874,69,'2023','전기승용',1408),(875,70,'2023','전기승용',218),(876,71,'2023','전기승용',142),(877,72,'2023','전기승용',888),(878,73,'2023','전기승용',373),(879,74,'2023','전기승용',189),(880,75,'2023','전기승용',92),(881,76,'2023','전기승용',412),(882,77,'2023','전기승용',98),(883,78,'2023','전기승용',94),(884,79,'2023','전기승용',88),(885,80,'2023','전기승용',66),(886,81,'2023','전기승용',155),(887,82,'2023','전기승용',109),(888,83,'2023','전기승용',102),(889,84,'2023','전기승용',1435),(890,85,'2023','전기승용',646),(891,86,'2023','전기승용',588),(892,87,'2023','전기승용',203),(893,88,'2023','전기승용',184),(894,89,'2023','전기승용',187),(895,90,'2023','전기승용',157),(896,91,'2023','전기승용',60),(897,92,'2023','전기승용',42),(898,93,'2023','전기승용',41),(899,94,'2023','전기승용',49),(900,95,'2023','전기승용',49),(901,96,'2023','전기승용',109),(902,97,'2023','전기승용',71),(903,98,'2023','전기승용',45),(904,99,'2023','전기승용',451),(905,100,'2023','전기승용',522),(906,101,'2023','전기승용',213),(907,102,'2023','전기승용',429),(908,103,'2023','전기승용',156),(909,104,'2023','전기승용',63),(910,105,'2023','전기승용',57),(911,106,'2023','전기승용',100),(912,107,'2023','전기승용',63),(913,108,'2023','전기승용',62),(914,109,'2023','전기승용',64),(915,110,'2023','전기승용',64),(916,111,'2023','전기승용',107),(917,112,'2023','전기승용',79),(918,113,'2023','전기승용',213),(919,114,'2023','전기승용',76),(920,115,'2023','전기승용',118),(921,116,'2023','전기승용',73),(922,117,'2023','전기승용',48),(923,118,'2023','전기승용',42),(924,119,'2023','전기승용',65),(925,120,'2023','전기승용',467),(926,121,'2023','전기승용',326),(927,122,'2023','전기승용',392),(928,123,'2023','전기승용',328),(929,124,'2023','전기승용',938),(930,125,'2023','전기승용',166),(931,126,'2023','전기승용',239),(932,127,'2023','전기승용',191),(933,128,'2023','전기승용',111),(934,129,'2023','전기승용',630),(935,130,'2023','전기승용',79),(936,131,'2023','전기승용',30),(937,132,'2023','전기승용',30),(938,133,'2023','전기승용',43),(939,134,'2023','전기승용',88),(940,135,'2023','전기승용',66),(941,136,'2023','전기승용',99),(942,137,'2023','전기승용',230),(943,138,'2023','전기승용',144),(944,139,'2023','전기승용',34),(945,140,'2023','전기승용',103),(946,141,'2023','전기승용',78),(947,142,'2023','전기승용',1745),(948,143,'2023','전기승용',639),(949,144,'2023','전기승용',218),(950,145,'2023','전기승용',232),(951,146,'2023','전기승용',656),(952,147,'2023','전기승용',178),(953,148,'2023','전기승용',368),(954,149,'2023','전기승용',520),(955,150,'2023','전기승용',55),(956,151,'2023','전기승용',126),(957,152,'2023','전기승용',122),(958,56,'2023','전기승용',75),(959,153,'2023','전기승용',86),(960,154,'2023','전기승용',70),(961,155,'2023','전기승용',58),(962,156,'2023','전기승용',55),(963,157,'2023','전기승용',121),(964,158,'2023','전기승용',128),(965,159,'2023','전기승용',2861),(966,160,'2023','전기승용',22623),(967,1,'2024','전기승용',9360),(968,2,'2024','전기승용',4398),(969,3,'2024','전기승용',3725),(970,4,'2024','전기승용',4780),(971,5,'2024','전기승용',2089),(972,6,'2024','전기승용',2656),(973,7,'2024','전기승용',1480),(974,8,'2024','전기승용',187),(975,9,'2024','전기승용',2050),(976,10,'2024','전기승용',1852),(977,11,'2024','전기승용',482),(978,12,'2024','전기승용',850),(979,13,'2024','전기승용',673),(980,14,'2024','전기승용',422),(981,15,'2024','전기승용',1291),(982,16,'2024','전기승용',88),(983,17,'2024','전기승용',665),(984,18,'2024','전기승용',1734),(985,19,'2024','전기승용',219),(986,20,'2024','전기승용',297),(987,21,'2024','전기승용',1019),(988,22,'2024','',0),(989,23,'2024','전기승용',921),(990,24,'2024','전기승용',311),(991,25,'2024','전기승용',287),(992,26,'2024','전기승용',722),(993,27,'2024','전기승용',2502),(994,28,'2024','전기승용',1076),(995,29,'2024','전기승용',478),(996,30,'2024','전기승용',309),(997,31,'2024','전기승용',1138),(998,32,'2024','전기승용',2493),(999,33,'2024','전기승용',757),(1000,34,'2024','전기승용',521),(1001,35,'2024','전기승용',226),(1002,36,'2024','전기승용',238),(1003,37,'2024','전기승용',77),(1004,38,'2024','전기승용',114),(1005,39,'2024','전기승용',289),(1006,40,'2024','전기승용',578),(1007,41,'2024','전기승용',734),(1008,42,'2024','전기승용',306),(1009,43,'2024','전기승용',127),(1010,44,'2024','전기승용',50),(1011,45,'2024','전기승용',115),(1012,46,'2024','전기승용',67),(1013,47,'2024','전기승용',105),(1014,48,'2024','전기승용',75),(1015,49,'2024','전기승용',41),(1016,50,'2024','전기승용',50),(1017,51,'2024','전기승용',30),(1018,52,'2024','전기승용',56),(1019,53,'2024','전기승용',28),(1020,54,'2024','전기승용',29),(1021,55,'2024','전기승용',51),(1022,56,'2024','전기승용',33),(1023,57,'2024','전기승용',41),(1024,58,'2024','전기승용',2636),(1025,59,'2024','전기승용',613),(1026,60,'2024','전기승용',397),(1027,61,'2024','전기승용',68),(1028,62,'2024','전기승용',89),(1029,63,'2024','전기승용',87),(1030,64,'2024','전기승용',111),(1031,65,'2024','전기승용',328),(1032,66,'2024','전기승용',86),(1033,67,'2024','전기승용',248),(1034,68,'2024','전기승용',68),(1035,69,'2024','전기승용',1408),(1036,70,'2024','전기승용',218),(1037,71,'2024','전기승용',142),(1038,72,'2024','전기승용',888),(1039,73,'2024','전기승용',373),(1040,74,'2024','전기승용',189),(1041,75,'2024','전기승용',92),(1042,76,'2024','전기승용',412),(1043,77,'2024','전기승용',98),(1044,78,'2024','전기승용',94),(1045,79,'2024','전기승용',88),(1046,80,'2024','전기승용',66),(1047,81,'2024','전기승용',155),(1048,82,'2024','전기승용',109),(1049,83,'2024','전기승용',102),(1050,84,'2024','전기승용',1435),(1051,85,'2024','전기승용',646),(1052,86,'2024','전기승용',588),(1053,87,'2024','전기승용',203),(1054,88,'2024','전기승용',184),(1055,89,'2024','전기승용',187),(1056,90,'2024','전기승용',157),(1057,91,'2024','전기승용',60),(1058,92,'2024','전기승용',42),(1059,93,'2024','전기승용',41),(1060,94,'2024','전기승용',49),(1061,95,'2024','전기승용',49),(1062,96,'2024','전기승용',109),(1063,97,'2024','전기승용',71),(1064,98,'2024','전기승용',45),(1065,99,'2024','전기승용',451),(1066,100,'2024','전기승용',522),(1067,101,'2024','전기승용',213),(1068,102,'2024','전기승용',429),(1069,103,'2024','전기승용',156),(1070,104,'2024','전기승용',63),(1071,105,'2024','전기승용',57),(1072,106,'2024','전기승용',100),(1073,107,'2024','전기승용',63),(1074,108,'2024','전기승용',62),(1075,109,'2024','전기승용',64),(1076,110,'2024','전기승용',64),(1077,111,'2024','전기승용',107),(1078,112,'2024','전기승용',79),(1079,113,'2024','전기승용',213),(1080,114,'2024','전기승용',76),(1081,115,'2024','전기승용',118),(1082,116,'2024','전기승용',73),(1083,117,'2024','전기승용',48),(1084,118,'2024','전기승용',42),(1085,119,'2024','전기승용',65),(1086,120,'2024','전기승용',467),(1087,121,'2024','전기승용',326),(1088,122,'2024','전기승용',392),(1089,123,'2024','전기승용',328),(1090,124,'2024','전기승용',938),(1091,125,'2024','전기승용',166),(1092,126,'2024','전기승용',239),(1093,127,'2024','전기승용',191),(1094,128,'2024','전기승용',111),(1095,129,'2024','전기승용',630),(1096,130,'2024','전기승용',79),(1097,131,'2024','전기승용',30),(1098,132,'2024','전기승용',30),(1099,133,'2024','전기승용',43),(1100,134,'2024','전기승용',88),(1101,135,'2024','전기승용',66),(1102,136,'2024','전기승용',99),(1103,137,'2024','전기승용',230),(1104,138,'2024','전기승용',144),(1105,139,'2024','전기승용',34),(1106,140,'2024','전기승용',103),(1107,141,'2024','전기승용',78),(1108,142,'2024','전기승용',1745),(1109,143,'2024','전기승용',639),(1110,144,'2024','전기승용',218),(1111,145,'2024','전기승용',232),(1112,146,'2024','전기승용',656),(1113,147,'2024','전기승용',178),(1114,148,'2024','전기승용',368),(1115,149,'2024','전기승용',520),(1116,150,'2024','전기승용',55),(1117,151,'2024','전기승용',126),(1118,152,'2024','전기승용',122),(1119,56,'2024','전기승용',75),(1120,153,'2024','전기승용',86),(1121,154,'2024','전기승용',70),(1122,155,'2024','전기승용',58),(1123,156,'2024','전기승용',55),(1124,157,'2024','전기승용',121),(1125,158,'2024','전기승용',128),(1126,159,'2024','전기승용',2861),(1127,160,'2024','전기승용',22623);
/*!40000 ALTER TABLE `electric_car_registration` ENABLE KEYS */;
UNLOCK TABLES;

--
-- Table structure for table `electric_car_subsidy`
--

DROP TABLE IF EXISTS `electric_car_subsidy`;
/*!40101 SET @saved_cs_client     = @@character_set_client */;
/*!50503 SET character_set_client = utf8mb4 */;
CREATE TABLE `electric_car_subsidy` (
  `id` int NOT NULL AUTO_INCREMENT,
  `sido_id` int NOT NULL COMMENT '시도코드',
  `year` char(4) CHARACTER SET utf8mb4 COLLATE utf8mb4_0900_ai_ci NOT NULL COMMENT '연도',
  `subsidy` int NOT NULL COMMENT '보조금/승용(만원)',
  PRIMARY KEY (`id`),
  KEY `sido_id` (`sido_id`),
  CONSTRAINT `electric_car_subsidy_ibfk_1` FOREIGN KEY (`sido_id`) REFERENCES `sido` (`id`)
) ENGINE=InnoDB AUTO_INCREMENT=970 DEFAULT CHARSET=utf8mb4 COLLATE=utf8mb4_0900_ai_ci;
/*!40101 SET character_set_client = @saved_cs_client */;

--
-- Dumping data for table `electric_car_subsidy`
--

LOCK TABLES `electric_car_subsidy` WRITE;
/*!40000 ALTER TABLE `electric_car_subsidy` DISABLE KEYS */;
INSERT INTO `electric_car_subsidy` VALUES (1,1,'2019',1350),(2,2,'2019',1400),(3,3,'2019',1500),(4,4,'2019',1400),(5,5,'2019',1500),(6,6,'2019',1600),(7,7,'2019',1500),(8,8,'2019',1500),(9,9,'2019',1400),(10,10,'2019',1400),(11,11,'2019',1400),(12,12,'2019',1500),(13,13,'2019',1400),(14,14,'2019',1400),(15,15,'2019',1400),(16,16,'2019',1400),(17,17,'2019',1600),(18,18,'2019',1400),(19,19,'2019',1400),(20,20,'2019',1400),(21,21,'2019',1500),(22,22,'2019',1400),(23,23,'2019',1400),(24,24,'2019',1400),(25,25,'2019',1400),(26,26,'2019',1400),(27,27,'2019',1400),(28,28,'2019',1400),(29,29,'2019',1400),(30,30,'2019',1400),(31,31,'2019',1400),(32,32,'2019',1500),(33,33,'2019',1400),(34,34,'2019',1400),(35,35,'2019',1400),(36,36,'2019',1400),(37,37,'2019',1400),(38,38,'2019',1400),(39,39,'2019',1400),(40,40,'2019',1840),(41,41,'2019',1540),(42,42,'2019',1540),(43,43,'2019',1540),(44,44,'2019',1540),(45,45,'2019',1540),(46,46,'2019',1676),(47,47,'2019',1540),(48,48,'2019',1540),(49,49,'2019',1540),(50,50,'2019',0),(51,51,'2019',1540),(52,52,'2019',1540),(53,53,'2019',1540),(54,54,'2019',1540),(55,55,'2019',1776),(56,56,'2019',1540),(57,57,'2019',1540),(58,58,'2019',1700),(59,59,'2019',1700),(60,60,'2019',1700),(61,61,'2019',1700),(62,62,'2019',1700),(63,63,'2019',1700),(64,64,'2019',1700),(65,65,'2019',1700),(66,66,'2019',1700),(67,67,'2019',1700),(68,68,'2019',1700),(69,69,'2019',1800),(70,70,'2019',1700),(71,71,'2019',1700),(72,72,'2019',1800),(73,73,'2019',1900),(74,74,'2019',1700),(75,75,'2019',0),(76,76,'2019',1700),(77,77,'2019',1700),(78,78,'2019',1700),(79,79,'2019',1700),(80,80,'2019',1700),(81,81,'2019',0),(82,82,'2019',1700),(83,83,'2019',1700),(84,84,'2019',1500),(85,85,'2019',1500),(86,86,'2019',1500),(87,87,'2019',1500),(88,88,'2019',1500),(89,89,'2019',1500),(90,90,'2019',1500),(91,91,'2019',1500),(92,92,'2019',1500),(93,93,'2019',1500),(94,94,'2019',1500),(95,95,'2019',1500),(96,96,'2019',1500),(97,97,'2019',1500),(98,98,'2019',1560),(99,99,'2019',1780),(100,100,'2019',1780),(101,101,'2019',1780),(102,102,'2019',1780),(103,103,'2019',1560),(104,104,'2019',1560),(105,105,'2019',1507),(106,106,'2019',1780),(107,107,'2019',1560),(108,108,'2019',1560),(109,109,'2019',1560),(110,110,'2019',1560),(111,111,'2019',0),(112,112,'2019',1670),(113,113,'2019',1560),(114,114,'2019',1560),(115,115,'2019',1670),(116,116,'2019',0),(117,117,'2019',1560),(118,118,'2019',1780),(119,119,'2019',0),(120,120,'2019',1500),(121,121,'2019',1500),(122,122,'2019',1500),(123,123,'2019',0),(124,124,'2019',1500),(125,125,'2019',1500),(126,126,'2019',1500),(127,127,'2019',1500),(128,128,'2019',1500),(129,129,'2019',1500),(130,161,'2019',1500),(131,130,'2019',1500),(132,131,'2019',1500),(133,132,'2019',1500),(134,133,'2019',1500),(135,134,'2019',0),(136,135,'2019',0),(137,136,'2019',1500),(138,137,'2019',1500),(139,138,'2019',1500),(140,139,'2019',1500),(141,140,'2019',1500),(142,141,'2019',1900),(143,142,'2019',1600),(144,143,'2019',1700),(145,144,'2019',1500),(146,145,'2019',1500),(147,146,'2019',1700),(148,147,'2019',1500),(149,148,'2019',1500),(150,149,'2019',1600),(151,150,'2019',1500),(152,151,'2019',1500),(153,152,'2019',1500),(154,56,'2019',1500),(155,153,'2019',1700),(156,154,'2019',1500),(157,155,'2019',1700),(158,156,'2019',0),(159,157,'2019',1500),(160,158,'2019',1700),(161,159,'2019',1400),(162,160,'2019',900),(163,162,'2020',820),(164,1,'2020',1270),(165,2,'2020',1320),(166,3,'2020',1320),(167,4,'2020',1400),(168,5,'2020',1400),(169,6,'2020',1520),(170,7,'2020',1420),(171,8,'2020',1220),(172,9,'2020',1320),(173,10,'2020',1320),(174,11,'2020',1320),(175,12,'2020',1320),(176,13,'2020',1320),(177,14,'2020',1320),(178,15,'2020',1320),(179,16,'2020',1320),(180,17,'2020',1420),(181,18,'2020',1320),(182,19,'2020',1320),(183,20,'2020',1320),(184,21,'2020',1320),(185,22,'2020',1320),(186,23,'2020',1320),(187,24,'2020',1320),(188,25,'2020',1320),(189,26,'2020',1320),(190,27,'2020',1320),(191,28,'2020',1320),(192,29,'2020',1320),(193,30,'2020',1320),(194,31,'2020',1320),(195,32,'2020',1320),(196,33,'2020',1320),(197,34,'2020',1320),(198,35,'2020',1320),(199,36,'2020',1320),(200,37,'2020',1320),(201,38,'2020',1320),(202,39,'2020',1320),(203,40,'2020',1560),(204,41,'2020',1420),(205,42,'2020',1420),(206,43,'2020',1420),(207,44,'2020',1420),(208,45,'2020',1420),(209,46,'2020',1550),(210,47,'2020',1420),(211,48,'2020',1420),(212,49,'2020',1420),(213,50,'2020',1420),(214,51,'2020',1420),(215,52,'2020',1420),(216,53,'2020',1420),(217,54,'2020',1420),(218,55,'2020',1620),(219,56,'2020',1420),(220,57,'2020',1420),(221,58,'2020',1620),(222,59,'2020',1620),(223,60,'2020',1620),(224,61,'2020',1620),(225,62,'2020',1620),(226,63,'2020',1620),(227,64,'2020',1620),(228,65,'2020',1620),(229,66,'2020',1620),(230,67,'2020',1620),(231,68,'2020',1620),(232,69,'2020',1520),(233,70,'2020',1520),(234,71,'2020',1520),(235,72,'2020',1520),(236,73,'2020',1820),(237,74,'2020',1520),(238,75,'2020',1520),(239,76,'2020',1820),(240,77,'2020',0),(241,78,'2020',1520),(242,79,'2020',1520),(243,80,'2020',1520),(244,81,'2020',1520),(245,82,'2020',0),(246,83,'2020',1520),(247,84,'2020',1720),(248,85,'2020',1720),(249,86,'2020',1720),(250,87,'2020',1720),(251,88,'2020',1720),(252,89,'2020',1720),(253,90,'2020',1720),(254,91,'2020',1720),(255,92,'2020',1720),(256,93,'2020',1720),(257,94,'2020',1720),(258,95,'2020',1720),(259,96,'2020',1720),(260,97,'2020',1720),(261,98,'2020',1540),(262,99,'2020',1660),(263,100,'2020',1540),(264,101,'2020',1780),(265,102,'2020',1660),(266,103,'2020',1540),(267,104,'2020',1640),(268,105,'2020',1520),(269,106,'2020',1660),(270,107,'2020',1520),(271,108,'2020',0),(272,109,'2020',1540),(273,110,'2020',1660),(274,111,'2020',1660),(275,112,'2020',1660),(276,113,'2020',1540),(277,114,'2020',1760),(278,115,'2020',1540),(279,116,'2020',1590),(280,117,'2020',1540),(281,118,'2020',1780),(282,119,'2020',0),(283,120,'2020',1420),(284,121,'2020',1420),(285,122,'2020',1420),(286,123,'2020',1420),(287,124,'2020',1420),(288,125,'2020',1420),(289,126,'2020',1420),(290,127,'2020',1420),(291,128,'2020',1420),(292,129,'2020',1420),(293,161,'2020',1420),(294,130,'2020',1420),(295,131,'2020',1420),(296,132,'2020',1420),(297,133,'2020',1420),(298,134,'2020',1420),(299,135,'2020',1420),(300,136,'2020',1420),(301,137,'2020',1420),(302,138,'2020',1420),(303,139,'2020',0),(304,140,'2020',1420),(305,141,'2020',1920),(306,142,'2020',1420),(307,143,'2020',1620),(308,144,'2020',1420),(309,145,'2020',1420),(310,146,'2020',1420),(311,147,'2020',1420),(312,148,'2020',1420),(313,149,'2020',1520),(314,150,'2020',1420),(315,151,'2020',1420),(316,152,'2020',1420),(317,56,'2020',1420),(318,153,'2020',1620),(319,154,'2020',1420),(320,155,'2020',1620),(321,156,'2020',1420),(322,157,'2020',1420),(323,158,'2020',1620),(324,159,'2020',1320),(325,1,'2021',1000),(326,2,'2021',1250),(327,3,'2021',1250),(328,4,'2021',1280),(329,5,'2021',1300),(330,6,'2021',1500),(331,7,'2021',1350),(332,8,'2021',820),(333,9,'2021',1250),(334,10,'2021',1200),(335,11,'2021',1200),(336,12,'2021',1200),(337,13,'2021',1200),(338,14,'2021',1300),(339,15,'2021',1300),(340,16,'2021',1300),(341,17,'2021',1200),(342,18,'2021',1200),(343,19,'2021',1300),(344,20,'2021',1300),(345,21,'2021',1200),(346,22,'2021',1300),(347,23,'2021',1200),(348,24,'2021',1200),(349,25,'2021',1200),(350,26,'2021',1200),(351,27,'2021',1200),(352,28,'2021',1200),(353,29,'2021',1400),(354,30,'2021',1300),(355,31,'2021',1250),(356,32,'2021',1200),(357,33,'2021',1200),(358,34,'2021',1300),(359,35,'2021',1300),(360,36,'2021',1200),(361,37,'2021',1300),(362,38,'2021',1300),(363,39,'2021',1300),(364,40,'2021',1320),(365,41,'2021',1320),(366,42,'2021',1320),(367,43,'2021',1320),(368,44,'2021',1320),(369,45,'2021',1320),(370,46,'2021',1320),(371,47,'2021',1320),(372,48,'2021',1320),(373,49,'2021',1320),(374,50,'2021',1320),(375,51,'2021',1320),(376,52,'2021',1320),(377,53,'2021',1320),(378,54,'2021',1320),(379,55,'2021',1320),(380,56,'2021',1320),(381,57,'2021',1320),(382,58,'2021',1600),(383,59,'2021',1600),(384,60,'2021',1600),(385,61,'2021',1600),(386,62,'2021',1600),(387,64,'2021',1600),(388,63,'2021',1600),(389,65,'2021',1600),(390,66,'2021',1600),(391,67,'2021',1600),(392,68,'2021',1600),(393,69,'2021',1500),(394,70,'2021',1600),(395,71,'2021',1500),(396,72,'2021',1500),(397,73,'2021',1800),(398,74,'2021',1500),(399,75,'2021',1500),(400,76,'2021',1800),(401,77,'2021',1500),(402,78,'2021',1500),(403,79,'2021',1500),(404,80,'2021',1600),(405,81,'2021',1500),(406,82,'2021',1500),(407,83,'2021',1500),(408,84,'2021',1700),(409,85,'2021',1700),(410,86,'2021',1700),(411,87,'2021',1700),(412,88,'2021',1700),(413,89,'2021',1700),(414,90,'2021',1700),(415,91,'2021',1700),(416,92,'2021',1700),(417,93,'2021',1700),(418,94,'2021',1700),(419,95,'2021',1700),(420,96,'2021',1700),(421,97,'2021',1700),(422,98,'2021',1520),(423,99,'2021',1520),(424,100,'2021',1520),(425,101,'2021',1760),(426,102,'2021',1640),(427,103,'2021',1520),(428,104,'2021',1640),(429,105,'2021',1520),(430,106,'2021',1640),(431,107,'2021',1540),(432,108,'2021',1520),(433,109,'2021',1640),(434,110,'2021',1640),(435,111,'2021',1640),(436,112,'2021',1640),(437,113,'2021',1520),(438,114,'2021',1640),(439,115,'2021',1520),(440,116,'2021',1640),(441,117,'2021',1520),(442,118,'2021',1760),(443,119,'2021',810),(444,120,'2021',1400),(445,121,'2021',1400),(446,122,'2021',1400),(447,123,'2021',1400),(448,124,'2021',1400),(449,125,'2021',1400),(450,126,'2021',1400),(451,127,'2021',1400),(452,128,'2021',1400),(453,129,'2021',1400),(454,161,'2021',1400),(455,130,'2021',1400),(456,131,'2021',1400),(457,132,'2021',1400),(458,133,'2021',1400),(459,134,'2021',1400),(460,135,'2021',1400),(461,136,'2021',1400),(462,137,'2021',1400),(463,138,'2021',1400),(464,139,'2021',1400),(465,140,'2021',1400),(466,141,'2021',1900),(467,142,'2021',1400),(468,143,'2021',1400),(469,144,'2021',1400),(470,145,'2021',1400),(471,146,'2021',1400),(472,147,'2021',1400),(473,148,'2021',1400),(474,149,'2021',1500),(475,150,'2021',1400),(476,151,'2021',1400),(477,152,'2021',1400),(478,56,'2021',1550),(479,153,'2021',1600),(480,154,'2021',1400),(481,155,'2021',1600),(482,156,'2021',1400),(483,157,'2021',1400),(484,158,'2021',1600),(485,159,'2021',1250),(486,1,'2022',900),(487,2,'2022',1050),(488,3,'2022',1100),(489,4,'2022',1060),(490,5,'2022',1100),(491,6,'2022',1200),(492,7,'2022',1050),(493,8,'2022',900),(494,9,'2022',1050),(495,10,'2022',1100),(496,11,'2022',1000),(497,12,'2022',1000),(498,13,'2022',1050),(499,14,'2022',1100),(500,15,'2022',1200),(501,16,'2022',1100),(502,17,'2022',1000),(503,18,'2022',1050),(504,19,'2022',1100),(505,20,'2022',1100),(506,21,'2022',1000),(507,22,'2022',1200),(508,23,'2022',1000),(509,24,'2022',1050),(510,25,'2022',1050),(511,26,'2022',1100),(512,27,'2022',1050),(513,28,'2022',1050),(514,29,'2022',1200),(515,30,'2022',1200),(516,31,'2022',1100),(517,32,'2022',1050),(518,33,'2022',1100),(519,34,'2022',1100),(520,35,'2022',1100),(521,36,'2022',1000),(522,37,'2022',1100),(523,38,'2022',1200),(524,39,'2022',1200),(525,40,'2022',1140),(526,41,'2022',1140),(527,42,'2022',1140),(528,43,'2022',1140),(529,44,'2022',1140),(530,45,'2022',1140),(531,46,'2022',1140),(532,47,'2022',1140),(533,48,'2022',1140),(534,49,'2022',1140),(535,50,'2022',1140),(536,51,'2022',1140),(537,52,'2022',1140),(538,53,'2022',1140),(539,54,'2022',1140),(540,55,'2022',1140),(541,56,'2022',1140),(542,57,'2022',1140),(543,58,'2022',1400),(544,59,'2022',1400),(545,60,'2022',1400),(546,61,'2022',1400),(547,62,'2022',1400),(548,64,'2022',1400),(549,63,'2022',1400),(550,65,'2022',1400),(551,66,'2022',1400),(552,67,'2022',1400),(553,68,'2022',1400),(554,69,'2022',1400),(555,70,'2022',1400),(556,71,'2022',1400),(557,72,'2022',1400),(558,73,'2022',1500),(559,74,'2022',1400),(560,75,'2022',1400),(561,76,'2022',1500),(562,77,'2022',1400),(563,78,'2022',1400),(564,79,'2022',1400),(565,80,'2022',1400),(566,81,'2022',1400),(567,82,'2022',1400),(568,83,'2022',1400),(569,84,'2022',1500),(570,85,'2022',1500),(571,86,'2022',1500),(572,87,'2022',1500),(573,88,'2022',1500),(574,89,'2022',1500),(575,90,'2022',1500),(576,91,'2022',1500),(577,92,'2022',1500),(578,93,'2022',1500),(579,94,'2022',1500),(580,95,'2022',1500),(581,96,'2022',1500),(582,97,'2022',1500),(583,98,'2022',1450),(584,99,'2022',1320),(585,100,'2022',1350),(586,101,'2022',1550),(587,102,'2022',1550),(588,103,'2022',1450),(589,104,'2022',1550),(590,105,'2022',1450),(591,106,'2022',1550),(592,107,'2022',1550),(593,108,'2022',1450),(594,109,'2022',1550),(595,110,'2022',1550),(596,111,'2022',1550),(597,112,'2022',1550),(598,113,'2022',1450),(599,114,'2022',1550),(600,115,'2022',1450),(601,116,'2022',1550),(602,117,'2022',1450),(603,118,'2022',1650),(604,119,'2022',1450),(605,120,'2022',1300),(606,121,'2022',1300),(607,122,'2022',1300),(608,123,'2022',1300),(609,124,'2022',1300),(610,125,'2022',1300),(611,126,'2022',1300),(612,127,'2022',1300),(613,128,'2022',1300),(614,129,'2022',1300),(615,161,'2022',1300),(616,130,'2022',1300),(617,131,'2022',1300),(618,132,'2022',1300),(619,133,'2022',1300),(620,134,'2022',1300),(621,135,'2022',1300),(622,136,'2022',1300),(623,137,'2022',1300),(624,138,'2022',1300),(625,139,'2022',1300),(626,140,'2022',1300),(627,141,'2022',1800),(628,142,'2022',1300),(629,143,'2022',1300),(630,144,'2022',1300),(631,145,'2022',1300),(632,146,'2022',1300),(633,147,'2022',1300),(634,148,'2022',1300),(635,149,'2022',1400),(636,150,'2022',1300),(637,151,'2022',1300),(638,152,'2022',1345),(639,56,'2022',1450),(640,153,'2022',1400),(641,154,'2022',1300),(642,155,'2022',1400),(643,156,'2022',1400),(644,157,'2022',1400),(645,158,'2022',1500),(646,159,'2022',1100),(647,1,'2023',860),(648,2,'2023',980),(649,3,'2023',1030),(650,4,'2023',1030),(651,5,'2023',1070),(652,6,'2023',1030),(653,7,'2023',1020),(654,8,'2023',1080),(655,9,'2023',980),(656,10,'2023',1030),(657,11,'2023',980),(658,12,'2023',1030),(659,13,'2023',980),(660,14,'2023',1080),(661,15,'2023',1180),(662,16,'2023',1080),(663,17,'2023',980),(664,18,'2023',980),(665,19,'2023',1030),(666,20,'2023',1080),(667,21,'2023',980),(668,22,'2023',1080),(669,23,'2023',980),(670,24,'2023',1030),(671,25,'2023',1030),(672,26,'2023',1030),(673,27,'2023',1030),(674,28,'2023',980),(675,29,'2023',1180),(676,30,'2023',1180),(677,31,'2023',1030),(678,32,'2023',1030),(679,33,'2023',980),(680,34,'2023',1030),(681,35,'2023',980),(682,36,'2023',1180),(683,37,'2023',1080),(684,38,'2023',1180),(685,39,'2023',1080),(686,40,'2023',1040),(687,41,'2023',1040),(688,42,'2023',1040),(689,43,'2023',1040),(690,44,'2023',1040),(691,45,'2023',1040),(692,46,'2023',1040),(693,47,'2023',1040),(694,48,'2023',1040),(695,49,'2023',1040),(696,50,'2023',1040),(697,51,'2023',1040),(698,52,'2023',1040),(699,53,'2023',1040),(700,54,'2023',1040),(701,55,'2023',1040),(702,56,'2023',1040),(703,57,'2023',1040),(704,58,'2023',1360),(705,59,'2023',1360),(706,60,'2023',1360),(707,61,'2023',1360),(708,62,'2023',1360),(709,64,'2023',1360),(710,63,'2023',1360),(711,65,'2023',1360),(712,66,'2023',1360),(713,67,'2023',1360),(714,68,'2023',1360),(715,69,'2023',1380),(716,70,'2023',1380),(717,71,'2023',1380),(718,72,'2023',1380),(719,73,'2023',1380),(720,74,'2023',1380),(721,75,'2023',1380),(722,76,'2023',1380),(723,77,'2023',1380),(724,78,'2023',1380),(725,79,'2023',1380),(726,80,'2023',1380),(727,81,'2023',1380),(728,82,'2023',1380),(729,83,'2023',1380),(730,84,'2023',1380),(731,85,'2023',1380),(732,86,'2023',1380),(733,87,'2023',1380),(734,88,'2023',1380),(735,89,'2023',1380),(736,90,'2023',1380),(737,91,'2023',1380),(738,92,'2023',1380),(739,93,'2023',1380),(740,94,'2023',1380),(741,95,'2023',1380),(742,96,'2023',1380),(743,97,'2023',1380),(744,98,'2023',1430),(745,99,'2023',1300),(746,100,'2023',1330),(747,101,'2023',1330),(748,102,'2023',1530),(749,103,'2023',1430),(750,104,'2023',1530),(751,105,'2023',1430),(752,106,'2023',1510),(753,107,'2023',1530),(754,108,'2023',1430),(755,109,'2023',1430),(756,110,'2023',1430),(757,111,'2023',1530),(758,112,'2023',1530),(759,113,'2023',1430),(760,114,'2023',1530),(761,115,'2023',1430),(762,116,'2023',1530),(763,117,'2023',1430),(764,118,'2023',1530),(765,119,'2023',1430),(766,120,'2023',1280),(767,121,'2023',1280),(768,122,'2023',1280),(769,123,'2023',1280),(770,124,'2023',1280),(771,125,'2023',1280),(772,126,'2023',1280),(773,127,'2023',1280),(774,128,'2023',1280),(775,129,'2023',1280),(776,161,'2023',1280),(777,130,'2023',1280),(778,131,'2023',1280),(779,132,'2023',1280),(780,133,'2023',1280),(781,134,'2023',1280),(782,135,'2023',1280),(783,136,'2023',1280),(784,137,'2023',1280),(785,138,'2023',1280),(786,139,'2023',1280),(787,140,'2023',1280),(788,141,'2023',1780),(789,142,'2023',1280),(790,143,'2023',1280),(791,144,'2023',1280),(792,145,'2023',1280),(793,146,'2023',1280),(794,147,'2023',1280),(795,148,'2023',1280),(796,149,'2023',1280),(797,150,'2023',1280),(798,151,'2023',1280),(799,152,'2023',1325),(800,56,'2023',1280),(801,153,'2023',1300),(802,154,'2023',1280),(803,155,'2023',1280),(804,156,'2023',1280),(805,157,'2023',1830),(806,158,'2023',1480),(807,159,'2023',1080),(808,160,'2023',680),(809,1,'2024',800),(810,2,'2024',950),(811,3,'2024',950),(812,4,'2024',950),(813,5,'2024',1020),(814,6,'2024',950),(815,7,'2024',975),(816,8,'2024',900),(817,9,'2024',900),(818,10,'2024',950),(819,11,'2024',890),(820,12,'2024',950),(821,13,'2024',900),(822,14,'2024',1050),(823,15,'2024',1050),(824,16,'2024',885),(825,17,'2024',950),(826,18,'2024',900),(827,19,'2024',1000),(828,20,'2024',1050),(829,21,'2024',900),(830,22,'2024',1050),(831,23,'2024',950),(832,24,'2024',950),(833,25,'2024',950),(834,26,'2024',850),(835,27,'2024',950),(836,28,'2024',950),(837,29,'2024',1050),(838,30,'2024',1050),(839,31,'2024',950),(840,32,'2024',950),(841,33,'2024',930),(842,34,'2024',950),(843,35,'2024',950),(844,36,'2024',1050),(845,37,'2024',1000),(846,38,'2024',1050),(847,39,'2024',1050),(848,40,'2024',938),(849,41,'2024',938),(850,42,'2024',938),(851,43,'2024',938),(852,44,'2024',938),(853,45,'2024',938),(854,46,'2024',938),(855,47,'2024',938),(856,48,'2024',938),(857,49,'2024',938),(858,50,'2024',938),(859,51,'2024',938),(860,52,'2024',938),(861,53,'2024',938),(862,54,'2024',938),(863,55,'2024',938),(864,56,'2024',938),(865,57,'2024',938),(866,58,'2024',1300),(867,59,'2024',1300),(868,60,'2024',1300),(869,61,'2024',1300),(870,62,'2024',1300),(871,64,'2024',1300),(872,63,'2024',1300),(873,65,'2024',1300),(874,66,'2024',1300),(875,67,'2024',1300),(876,68,'2024',1378),(877,69,'2024',1350),(878,70,'2024',1350),(879,71,'2024',1350),(880,72,'2024',1350),(881,73,'2024',1350),(882,74,'2024',1350),(883,75,'2024',1350),(884,76,'2024',1350),(885,77,'2024',1350),(886,78,'2024',1350),(887,79,'2024',1350),(888,80,'2024',1350),(889,81,'2024',1350),(890,82,'2024',1350),(891,83,'2024',1350),(892,84,'2024',1350),(893,85,'2024',1350),(894,86,'2024',1350),(895,87,'2024',1350),(896,88,'2024',1350),(897,89,'2024',1350),(898,90,'2024',1350),(899,91,'2024',1350),(900,92,'2024',1350),(901,93,'2024',1350),(902,94,'2024',1350),(903,95,'2024',1350),(904,96,'2024',1350),(905,97,'2024',1350),(906,98,'2024',1300),(907,99,'2024',1270),(908,100,'2024',1300),(909,101,'2024',1300),(910,102,'2024',1400),(911,103,'2024',1400),(912,104,'2024',1300),(913,105,'2024',1400),(914,106,'2024',1400),(915,107,'2024',1500),(916,108,'2024',1400),(917,109,'2024',1400),(918,110,'2024',1400),(919,111,'2024',1300),(920,112,'2024',1500),(921,113,'2024',1500),(922,114,'2024',1500),(923,115,'2024',1400),(924,116,'2024',1250),(925,117,'2024',1300),(926,118,'2024',1400),(927,119,'2024',1400),(928,120,'2024',1250),(929,121,'2024',1250),(930,122,'2024',1250),(931,123,'2024',1250),(932,124,'2024',1250),(933,125,'2024',1250),(934,126,'2024',1250),(935,127,'2024',1250),(936,128,'2024',1250),(937,129,'2024',1250),(938,130,'2024',1250),(939,131,'2024',1250),(940,132,'2024',1250),(941,133,'2024',1250),(942,134,'2024',1250),(943,135,'2024',1250),(944,136,'2024',1250),(945,137,'2024',1250),(946,138,'2024',1250),(947,139,'2024',1258),(948,140,'2024',1250),(949,141,'2024',1750),(950,142,'2024',1230),(951,143,'2024',1230),(952,144,'2024',1230),(953,145,'2024',1230),(954,146,'2024',1230),(955,147,'2024',1230),(956,148,'2024',1230),(957,149,'2024',1230),(958,150,'2024',1450),(959,151,'2024',1230),(960,152,'2024',1230),(961,56,'2024',1230),(962,153,'2024',1230),(963,154,'2024',1230),(964,155,'2024',1230),(965,156,'2024',1230),(966,157,'2024',1790),(967,158,'2024',1690),(968,159,'2024',1050),(969,160,'2024',650);
/*!40000 ALTER TABLE `electric_car_subsidy` ENABLE KEYS */;
UNLOCK TABLES;

--
-- Table structure for table `electric_car_subsidy_detail`
--

DROP TABLE IF EXISTS `electric_car_subsidy_detail`;
/*!40101 SET @saved_cs_client     = @@character_set_client */;
/*!50503 SET character_set_client = utf8mb4 */;
CREATE TABLE `electric_car_subsidy_detail` (
  `id` int NOT NULL AUTO_INCREMENT,
  `sido_id` int DEFAULT NULL COMMENT '시도코드',
  `year` char(4) CHARACTER SET utf8mb4 COLLATE utf8mb4_0900_ai_ci DEFAULT NULL COMMENT '연도',
  `class` varchar(20) CHARACTER SET utf8mb4 COLLATE utf8mb4_0900_ai_ci DEFAULT NULL COMMENT '차종',
  `company` varchar(20) CHARACTER SET utf8mb4 COLLATE utf8mb4_0900_ai_ci DEFAULT NULL COMMENT '제조사',
  `model` varchar(50) CHARACTER SET utf8mb4 COLLATE utf8mb4_0900_ai_ci DEFAULT NULL COMMENT '모델명',
  `national_subsidy` int DEFAULT NULL COMMENT '국비(만원)',
  `sido_subsidy` int DEFAULT NULL COMMENT '지방비(만원)',
  `total_subsidy` int DEFAULT NULL COMMENT '보조금(만원)',
  PRIMARY KEY (`id`),
  KEY `sido_id` (`sido_id`),
  CONSTRAINT `electric_car_subsidy_detail_ibfk_1` FOREIGN KEY (`sido_id`) REFERENCES `sido` (`id`)
) ENGINE=InnoDB DEFAULT CHARSET=utf8mb4 COLLATE=utf8mb4_0900_ai_ci;
/*!40101 SET character_set_client = @saved_cs_client */;

--
-- Dumping data for table `electric_car_subsidy_detail`
--

LOCK TABLES `electric_car_subsidy_detail` WRITE;
/*!40000 ALTER TABLE `electric_car_subsidy_detail` DISABLE KEYS */;
/*!40000 ALTER TABLE `electric_car_subsidy_detail` ENABLE KEYS */;
UNLOCK TABLES;

--
-- Table structure for table `sido`
--

DROP TABLE IF EXISTS `sido`;
/*!40101 SET @saved_cs_client     = @@character_set_client */;
/*!50503 SET character_set_client = utf8mb4 */;
CREATE TABLE `sido` (
  `id` int NOT NULL AUTO_INCREMENT,
  `name` varchar(20) CHARACTER SET utf8mb4 COLLATE utf8mb4_0900_ai_ci NOT NULL COMMENT '시도명',
  `division` varchar(20) CHARACTER SET utf8mb4 COLLATE utf8mb4_0900_ai_ci NOT NULL COMMENT '시도구분',
  PRIMARY KEY (`id`)
) ENGINE=InnoDB AUTO_INCREMENT=163 DEFAULT CHARSET=utf8mb4 COLLATE=utf8mb4_0900_ai_ci;
/*!40101 SET character_set_client = @saved_cs_client */;

--
-- Dumping data for table `sido`
--

LOCK TABLES `sido` WRITE;
/*!40000 ALTER TABLE `sido` DISABLE KEYS */;
INSERT INTO `sido` VALUES (1,'서울','서울특별시'),(2,'부산','부산광역시'),(3,'대구','대구광역시'),(4,'인천','인천광역시'),(5,'광주','광주광역시'),(6,'대전','대전광역시'),(7,'울산','울산광역시'),(8,'세종','세종특별자치시'),(9,'경기','수원시'),(10,'경기','성남시'),(11,'경기','의정부시'),(12,'경기','안양시'),(13,'경기','부천시'),(14,'경기','광명시'),(15,'경기','평택시'),(16,'경기','동두천시'),(17,'경기','안산시'),(18,'경기','고양시'),(19,'경기','과천시'),(20,'경기','구리시'),(21,'경기','남양주시'),(22,'경기','오산시'),(23,'경기','시흥시'),(24,'경기','군포시'),(25,'경기','의왕시'),(26,'경기','하남시'),(27,'경기','용인시'),(28,'경기','파주시'),(29,'경기','이천시'),(30,'경기','안성시'),(31,'경기','김포시'),(32,'경기','화성시'),(33,'경기','광주시'),(34,'경기','양주시'),(35,'경기','포천시'),(36,'경기','여주시'),(37,'경기','연천군'),(38,'경기','가평군'),(39,'경기','양평군'),(40,'강원','춘천시'),(41,'강원','원주시'),(42,'강원','강릉시'),(43,'강원','동해시'),(44,'강원','태백시'),(45,'강원','속초시'),(46,'강원','삼척시'),(47,'강원','홍천군'),(48,'강원','횡성군'),(49,'강원','영월군'),(50,'강원','평창군'),(51,'강원','정선군'),(52,'강원','철원군'),(53,'강원','화천군'),(54,'강원','양구군'),(55,'강원','인제군'),(56,'강원','고성군'),(57,'강원','양양군'),(58,'충북','청주시'),(59,'충북','충주시'),(60,'충북','제천시'),(61,'충북','보은군'),(62,'충북','옥천군'),(63,'충북','영동군'),(64,'충북','증평군'),(65,'충북','진천군'),(66,'충북','괴산군'),(67,'충북','음성군'),(68,'충북','단양군'),(69,'충남','천안시'),(70,'충남','공주시'),(71,'충남','보령시'),(72,'충남','아산시'),(73,'충남','서산시'),(74,'충남','논산시'),(75,'충남','계룡시'),(76,'충남','당진시'),(77,'충남','금산군'),(78,'충남','부여군'),(79,'충남','서천군'),(80,'충남','청양군'),(81,'충남','홍성군'),(82,'충남','예산군'),(83,'충남','태안군'),(84,'전북','전주시'),(85,'전북','군산시'),(86,'전북','익산시'),(87,'전북','정읍시'),(88,'전북','남원시'),(89,'전북','김제시'),(90,'전북','완주군'),(91,'전북','진안군'),(92,'전북','무주군'),(93,'전북','장수군'),(94,'전북','임실군'),(95,'전북','순창군'),(96,'전북','고창군'),(97,'전북','부안군'),(98,'전남','목포시'),(99,'전남','여수시'),(100,'전남','순천시'),(101,'전남','나주시'),(102,'전남','광양시'),(103,'전남','담양군'),(104,'전남','곡성군'),(105,'전남','구례군'),(106,'전남','고흥군'),(107,'전남','보성군'),(108,'전남','화순군'),(109,'전남','장흥군'),(110,'전남','강진군'),(111,'전남','해남군'),(112,'전남','영암군'),(113,'전남','무안군'),(114,'전남','함평군'),(115,'전남','영광군'),(116,'전남','장성군'),(117,'전남','완도군'),(118,'전남','진도군'),(119,'전남','신안군'),(120,'경북','포항시'),(121,'경북','경주시'),(122,'경북','김천시'),(123,'경북','안동시'),(124,'경북','구미시'),(125,'경북','영주시'),(126,'경북','영천시'),(127,'경북','상주시'),(128,'경북','문경시'),(129,'경북','경산시'),(130,'경북','의성군'),(131,'경북','청송군'),(132,'경북','영양군'),(133,'경북','영덕군'),(134,'경북','청도군'),(135,'경북','고령군'),(136,'경북','성주군'),(137,'경북','칠곡군'),(138,'경북','예천군'),(139,'경북','봉화군'),(140,'경북','울진군'),(141,'경북','울릉군'),(142,'경남','창원시'),(143,'경남','진주시'),(144,'경남','통영시'),(145,'경남','사천시'),(146,'경남','김해시'),(147,'경남','밀양시'),(148,'경남','거제시'),(149,'경남','양산시'),(150,'경남','의령군'),(151,'경남','함안군'),(152,'경남','창녕군'),(153,'경남','남해군'),(154,'경남','하동군'),(155,'경남','산청군'),(156,'경남','함양군'),(157,'경남','거창군'),(158,'경남','합천군'),(159,'제주','제주특별자치도'),(160,'공단','한국환경공단'),(161,'경북','군위군'),(162,'협회','한국자동차환경협회');
/*!40000 ALTER TABLE `sido` ENABLE KEYS */;
UNLOCK TABLES;

--
-- Dumping routines for database 'ecardb'
--
/*!40103 SET TIME_ZONE=@OLD_TIME_ZONE */;

/*!40101 SET SQL_MODE=@OLD_SQL_MODE */;
/*!40014 SET FOREIGN_KEY_CHECKS=@OLD_FOREIGN_KEY_CHECKS */;
/*!40014 SET UNIQUE_CHECKS=@OLD_UNIQUE_CHECKS */;
/*!40101 SET CHARACTER_SET_CLIENT=@OLD_CHARACTER_SET_CLIENT */;
/*!40101 SET CHARACTER_SET_RESULTS=@OLD_CHARACTER_SET_RESULTS */;
/*!40101 SET COLLATION_CONNECTION=@OLD_COLLATION_CONNECTION */;
/*!40111 SET SQL_NOTES=@OLD_SQL_NOTES */;

-- Dump completed on 2025-01-07 14:24:42
